@mobtownstudios,@monochz,AM,1
@thegoodplan,group,BC,3
@thegoodplan,@jeedgan,AM,1
@thegoodplan,@mica_masdwhat,AM,1
@thegoodplan,@kktrumpbour,AM,1
@thegoodplan,@elizabetheadie,AM,1
@thegoodplan,@jessgartner,AM,1
@thegoodplan,@mobtownblues,AM,1
@thegoodplan,@davetroy,BC,1
@thegoodplan,@davetroy,AM,1
@thegoodplan,@createbaltimore,AM,6
@thegoodplan,@tedxmidtlantic,AM,1
@thegoodplan,@andrewhazlett,AM,2
@thegoodplan,@ayerssaintgross,AM,3
@jeedgan,@mica_masdwhat,AM,1
@jeedgan,@thegoodplan,AM,1
@jeedgan,@createbaltimore,AM,1
@jeedgan,group,BC,8
@bethechange41,group,BC,12
@bethechange41,@thegoodplan,BC,1
@bethechange41,@scottburkholder,AM,1
@bethechange41,@danieldubya,AM,1
@bethechange41,@johnshopkins,AM,1
@bethechange41,@createbaltimore,AM,1
@bethechange41,@createbaltimore,RT,1
@bethechange41,@evodiengoy,AM,1
@bethechange41,@shaq_brooks,BC,1
@bethechange41,@lesterspence,AM,1
@bethechange41,@lrenhrda,RT,2
@bethechange41,@sj843,RT,1
@bethechange41,@andrewhazlett,RT,1
@pureamazi,@bethechange41,BC,1
@pureamazi,@davetroy,AM,1
@pureamazi,group,BC,2
@nrgtheory,@rsteggy,AM,2
@nrgtheory,@save4use,AM,1
@nrgtheory,@createbaltimore,AM,3
@nrgtheory,@kktrumpbour,AM,1
@nrgtheory,@venroyjuly,AM,1
@nrgtheory,@jonathanjulian,AM,1
@nrgtheory,@mezzoihnen,RT,1
@nrgtheory,@tracycgold,RT,1
@nrgtheory,@lanakole,AM,1
@nrgtheory,@dennisthecynic,AM,1
@nrgtheory,@andrewhazlett,AM,1
@nrgtheory,group,BC,1
@andrewhazlett,@rodneycburris,AM,1
@andrewhazlett,@senbillferg,AM,1
@andrewhazlett,group,BC,23
@andrewhazlett,group,AM,3
@andrewhazlett,@kktrumpbour,AM,1
@andrewhazlett,@elizabetheadie,AM,1
@andrewhazlett,@mobtownblues,AM,1
@andrewhazlett,@lrenhrda,AM,1
@andrewhazlett,@sharon_paley,AM,1
@andrewhazlett,@createbaltimore,AM,5
@andrewhazlett,@eliotpearson,BC,1
@andrewhazlett,@reinventtransit,AM,1
@andrewhazlett,@betamore,AM,1
@andrewhazlett,@technicallybmr,AM,1
@andrewhazlett,@noordnrycherry,AM,1
@andrewhazlett,@scot,AM,1
@andrewhazlett,@uber_baltimore,BC,1
@andrewhazlett,@uber,BC,1
@andrewhazlett,@danieldubya,AM,1
@andrewhazlett,@wraydo,AM,1
@andrewhazlett,@davetroy,AM,1
@andrewhazlett,@scottburkholder,AM,1
@rodneycburris,@noordnrycherry,AM,1
@rodneycburris,@laurenbot3k,AM,1
@rodneycburris,@prairieskygal,AM,1
@rodneycburris,@kktrumpbour,AM,2
@rodneycburris,@mobtownblues,AM,1
@rodneycburris,@suitsandsoot,AM,1
@rodneycburris,@prattlibrary,AM,1
@rodneycburris,@jonathanjulian,AM,1
@rodneycburris,@pjdgallagher,AM,1
@rodneycburris,@justbreathe_dkm,AM,1
@rodneycburris,@kirstenallyssa,AM,1
@rodneycburris,@elizabetheadie,AM,1
@rodneycburris,@_southernwit,AM,1
@rodneycburris,@bjornmeansbear,AM,1
@rodneycburris,@denneyjason,AM,1
@rodneycburris,@nikkijamesmedia,AM,1
@rodneycburris,@venroyjuly,AM,2
@rodneycburris,@dontabrams,AM,1
@rodneycburris,@eliotpearson,AM,1
@rodneycburris,@lanakole,AM,1
@rodneycburris,@averyclassyguy,AM,1
@rodneycburris,@atechsnob,AM,1
@rodneycburris,@creativereality,AM,1
@rodneycburris,@hadiyaw,AM,1
@rodneycburris,@flygirlblog,AM,1
@rodneycburris,group,BC,2
@ecogordo,@davelandymore,AM,1
@nikkijamesmedia,@suitsandsoot,AM,1
@nikkijamesmedia,group,BC,22
@nikkijamesmedia,@jonathanjulian,AM,1
@nikkijamesmedia,@articulatebalti,AM,1
@nikkijamesmedia,@scottburkholder,AM,1
@nikkijamesmedia,@baltimoresun,AM,1
@nikkijamesmedia,@slantsixneal,BC,1
@nikkijamesmedia,@the6thbranch,AM,1
@nikkijamesmedia,@brmacjr,AM,1
@nikkijamesmedia,@createbaltimore,RT,1
@nikkijamesmedia,@lrenhrda,RT,1
@redlinenow,@jonathanjulian,MT,1
@redlinenow,@andrewhazlett,MT,2
@redlinenow,@andrewhazlett,AM,1
@baltimorebstore,@amanda9985,AM,1
@baltimorebstore,@scottburkholder,AM,2
@baltimorebstore,@scottburkholder,BC,1
@baltimorebstore,@thegoodplan,AM,1
@baltimorebstore,@davetroy,AM,2
@baltimorebstore,@davetroy,BC,1
@baltimorebstore,@sharon_paley,AM,1
@baltimorebstore,@evodiengoy,AM,1
@baltimorebstore,@laurenbot3k,BC,1
@baltimorebstore,@nikkijamesmedia,AM,1
@baltimorebstore,group,BC,7
@baltimorebstore,@sargesalman,BC,1
@baltimorebstore,@tracycgold,BC,1
@maryhassound,@noordnrycherry,AM,1
@maryhassound,@createbaltimore,AM,1
@maryhassound,group,BC,3
@robert_simmons3,@lesterspence,RT,1
@robert_simmons3,@rsteggy,RT,1
@robert_simmons3,@kktrumpbour,RT,1
@scottburkholder,@mikemakes,AM,2
@scottburkholder,@elizabetheadie,AM,1
@scottburkholder,@davetroy,AM,1
@scottburkholder,@andrewhazlett,AM,1
@scottburkholder,@danieldubya,AM,1
@scottburkholder,@lrenhrda,AM,1
@scottburkholder,@prairieskygal,AM,1
@scottburkholder,@kktrumpbour,AM,1
@scottburkholder,@mobtownblues,AM,1
@scottburkholder,@suitsandsoot,AM,1
@scottburkholder,@prattlibrary,AM,1
@scottburkholder,@createbaltimore,AM,3
@scottburkholder,@uber_baltimore,AM,2
@scottburkholder,@johnshopkins,AM,1
@lesterspence,@noordnrycherry,AM,1
@lesterspence,@elizabetheadie,AM,1
@lesterspence,@rsteggy,RT,1
@lesterspence,@kktrumpbour,RT,1
@studiokafi,@lanakole,BC,1
@studiokafi,@brittolsenecker,AM,2
@studiokafi,@erauh,AM,2
@studiokafi,@createbaltimore,BC,1
@studiokafi,@createbaltimore,AM,3
@studiokafi,@noordnrycherry,AM,1
@studiokafi,@maryhassound,AM,1
@studiokafi,@save4use,AM,1
@studiokafi,@wraydo,AM,1
@studiokafi,@andrewhazlett,AM,1
@rdfoxworth,@bmecommunity,AM,1
@rdfoxworth,@bethechange41,AM,1
@rdfoxworth,@mobtownblues,AM,1
@mezzoihnen,@brmacjr,BC,1
@mezzoihnen,@edwelker,BC,1
@mezzoihnen,@cariperi,BC,1
@mezzoihnen,@nikkijamesmedia,BC,1
@mezzoihnen,@studiokafi,AM,1
@mezzoihnen,@jessgartner,BC,1
@mezzoihnen,@ccgourmet,AM,1
@mezzoihnen,@laurenbot3k,BC,1
@mezzoihnen,@lameloy,BC,1
@mezzoihnen,@gbtc,RT,1
@mezzoihnen,@createbaltimore,RT,1
@mezzoihnen,@smartlogic,RT,1
@alsnyder02,@prairieskygal,AM,2
@alsnyder02,@kktrumpbour,AM,1
@alsnyder02,@mobtownblues,AM,2
@alsnyder02,@suitsandsoot,AM,1
@vanessul,group,BC,1
@jonathanjulian,group,BC,4
@evodiengoy,@bethechange41,AM,1
@evodiengoy,@sharon_paley,AM,2
@evodiengoy,@datkidcarpediem,AM,1
@evodiengoy,@noordnrycherry,AM,1
@evodiengoy,@studiokafi,AM,1
@evodiengoy,@jessgartner,AM,1
@evodiengoy,@dontabrams,AM,1
@evodiengoy,@createbaltimore,AM,1
@luckygirlmedia,@geo_rube,RT,1
@luckygirlmedia,@wellmadedesign,RT,1
@luckygirlmedia,@createbaltimore,RT,1
@luckygirlmedia,@createbaltimore,AM,3
@luckygirlmedia,@andrewhazlett,AM,1
@luckygirlmedia,@sharon_paley,AM,1
@luckygirlmedia,@mikemakes,AM,1
@luckygirlmedia,@bethechange41,AM,4
@luckygirlmedia,@evodiengoy,AM,1
@luckygirlmedia,@johnshopkins,AM,1
@luckygirlmedia,@flygirlblog,AM,1
@dennisthecynic,@senbillferg,AM,1
@dennisthecynic,@venroyjuly,AM,1
@dennisthecynic,@rodneycburris,AM,1
@dennisthecynic,@andrewhazlett,AM,2
@dennisthecynic,@wraydo,AM,2
@dennisthecynic,@davidmtaylor,AM,1
@dennisthecynic,@nikkijamesmedia,AM,1
@dennisthecynic,@the6thbranch,AM,1
@dennisthecynic,@brmacjr,AM,1
@dennisthecynic,@ajzaleski,RT,1
@dennisthecynic,@createbaltimore,AM,4
@dennisthecynic,@scottburkholder,AM,1
@shaq_brooks,@jessgartner,AM,1
@shaq_brooks,@evodiengoy,AM,2
@shaq_brooks,@createbaltimore,AM,7
@shaq_brooks,@andrewhazlett,AM,3
@shaq_brooks,@reinventtransit,AM,1
@shaq_brooks,@betamore,AM,1
@shaq_brooks,@sargesalman,AM,1
@shaq_brooks,@nikkijamesmedia,AM,1
@shaq_brooks,@rodneycburris,AM,1
@shaq_brooks,@dhfbaltimore,AM,1
@shaq_brooks,group,BC,3
@shaq_brooks,@dontabrams,AM,1
@shaq_brooks,@scottburkholder,AM,1
@andrewcoy,@jessgartner,AM,1
@andrewcoy,@evodiengoy,AM,1
@sharon_paley,@governoromalley,AM,1
@sharon_paley,@dhfbaltimore,AM,1
@sharon_paley,@evodiengoy,AM,2
@sharon_paley,@elizabetheadie,AM,1
@sharon_paley,@dontabrams,AM,1
@sharon_paley,group,BC,3
@sharon_paley,@mikemakes,AM,1
@jamesnovak,group,BC,2
@jamesnovak,@rsteggy,AM,1
@jamesnovak,@nikkijamesmedia,AM,1
@jamesnovak,@suitsandsoot,RT,1
@jamesnovak,@anequitymatter,RT,1
@specialli1972,@kktrumpbour,RT,1
@flygirlblog,@createbaltimore,AM,1
@flygirlblog,@rodneycburris,AM,1
@flygirlblog,@lanakole,AM,1
@flygirlblog,@averyclassyguy,AM,1
@flygirlblog,@atechsnob,AM,1
@flygirlblog,@venroyjuly,AM,1
@flygirlblog,@creativereality,AM,1
@flygirlblog,@hadiyaw,AM,1
@flygirlblog,group,BC,1
@brmacjr,@andrewhazlett,BC,1
@brmacjr,@nikkijamesmedia,MT,1
@brmacjr,@nikkijamesmedia,AM,3
@brmacjr,@the6thbranch,AM,1
@technicallybmr,@kbladow,RT,1
@technicallybmr,@kktrumpbour,RT,1
@technicallybmr,@kktrumpbour,AM,1
@technicallybmr,group,BC,1
@technicallybmr,@johnshopkins,AM,1
@technicallybmr,@noordnrycherry,AM,1
@technicallybmr,@scottburkholder,AM,1
@technicallybmr,@hardebeck,AM,1
@technicallybmr,@danieldubya,AM,1
@technicallybmr,@dirdim,AM,1
@lrenhrda,@andrewhazlett,AM,1
@lrenhrda,@sj843,AM,1
@lrenhrda,@createbaltimore,AM,1
@lrenhrda,group,BC,11
@lrenhrda,@ccgourmet,AM,1
@lrenhrda,@nikkijamesmedia,AM,1
@sj843,@createbaltimore,AM,1
@sj843,group,BC,2
@monochz,group,BC,4
@monochz,group,AM,1
@monochz,@createbaltimore,BC,1
@givecorps,@whatweekly,AM,1
@givecorps,@createbaltimore,AM,1
@givecorps,@genero_city,AM,1
@elizabetheadie,@jonathanjulian,AM,2
@elizabetheadie,@kktrumpbour,AM,3
@elizabetheadie,@jeedgan,AM,2
@elizabetheadie,@mobtownblues,AM,1
@elizabetheadie,@cariperi,AM,2
@elizabetheadie,@mikemakes,AM,1
@elizabetheadie,@sj843,AM,1
@elizabetheadie,@reinventtransit,AM,1
@elizabetheadie,group,BC,2
@elizabetheadie,@tracycgold,AM,1
@elizabetheadie,@createbaltimore,AM,9
@elizabetheadie,@sargesalman,AM,1
@elizabetheadie,@pandora13,AM,1
@elizabetheadie,@davetroy,AM,1
@elizabetheadie,@lesterspence,AM,1
@elizabetheadie,@danieldubya,AM,1
@elizabetheadie,@nikkijamesmedia,AM,1
@elizabetheadie,@jessgartner,AM,1
@elizabetheadie,@lrenhrda,AM,1
@elizabetheadie,@andrewhazlett,AM,2
@elizabetheadie,@suitsandsoot,AM,1
@elizabetheadie,@rsteggy,AM,1
@elizabetheadie,@mayorsrb,AM,1
@elizabetheadie,@_mariamendoza,AM,1
@elizabetheadie,@hbarrin,AM,1
@elizabetheadie,@k_trino,AM,1
@elizabetheadie,@rianabarrington,AM,1
@peter_m_jackson,@mobtownblues,BC,1
@peter_m_jackson,@scottburkholder,AM,1
@peter_m_jackson,@givecorps,AM,1
@peter_m_jackson,@hlms,AM,1
@peter_m_jackson,@davetroy,AM,1
@peter_m_jackson,@davelandymore,AM,1
@peter_m_jackson,group,BC,1
@peter_m_jackson,@rsteggy,BC,1
@baltimoreyds,@mobtownblues,AM,1
@baltimoreyds,@rodneycburris,AM,1
@baltimoreyds,@lrenhrda,RT,1
@baltimoreyds,@andrewhazlett,AM,1
@baltimoreyds,group,BC,1
@geo_rube,@sharon_paley,AM,1
@geo_rube,@mikemakes,AM,1
@geo_rube,@createbaltimore,AM,1
@geo_rube,@createbaltimore,RT,1
@geo_rube,@andrewhazlett,AM,1
@geo_rube,@wellmadedesign,RT,1
@justine_fritz,@jonathanjulian,AM,1
@davidmtaylor,group,BC,2
@davidmtaylor,@dennisthecynic,AM,1
@suitsandsoot,group,BC,12
@suitsandsoot,@sharon_paley,AM,1
@suitsandsoot,@sharon_paley,RT,1
@suitsandsoot,@evodiengoy,AM,1
@suitsandsoot,@mikemakes,RT,1
@suitsandsoot,@davelandymore,AM,1
@suitsandsoot,@mobtownblues,AM,2
@suitsandsoot,@sargesalman,AM,1
@suitsandsoot,@davetroy,AM,2
@suitsandsoot,@pandora13,AM,1
@suitsandsoot,@jessgartner,AM,2
@suitsandsoot,@technicallybmr,RT,1
@suitsandsoot,@hardebeck,RT,1
@suitsandsoot,@createbaltimore,AM,4
@suitsandsoot,@createbaltimore,RT,1
@suitsandsoot,@andrewhazlett,AM,2
@suitsandsoot,@wraydo,AM,1
@suitsandsoot,@lrenhrda,RT,1
@suitsandsoot,@the6thbranch,AM,1
@suitsandsoot,@humanim,AM,1
@suitsandsoot,@anequitymatter,AM,1
@suitsandsoot,@anequitymatter,RT,1
@suitsandsoot,@thegoodplan,AM,1
@suitsandsoot,@ayerssaintgross,AM,1
@suitsandsoot,@rsteggy,AM,1
@suitsandsoot,@changengine,AM,1
@cupakromer,@jonathanjulian,AM,1
@mica_masd,group,BC,5
@jessiex,@johnshopkins,AM,1
@davetroy,@sharon_paley,AM,1
@davetroy,@evodiengoy,AM,1
@davetroy,@peter_m_jackson,AM,1
@davetroy,@hlms,AM,1
@davetroy,@andrewhazlett,AM,1
@davetroy,@reinventtransit,AM,1
@davetroy,@betamore,AM,1
@davetroy,@davelandymore,AM,1
@davetroy,@ajzaleski,AM,1
@davetroy,@zigersnead,AM,1
@davetroy,@scottburkholder,AM,1
@davetroy,@uber_baltimore,AM,1
@davetroy,@createbaltimore,AM,2
@mobtownblues,@datkidcarpediem,AM,1
@mobtownblues,@datkidcarpediem,RT,1
@mobtownblues,@createbaltimore,AM,1
@mobtownblues,@createbaltimore,RT,1
@mobtownblues,group,BC,9
@mobtownblues,@suitsandsoot,BC,1
@mobtownblues,@kbladow,AM,1
@mobtownblues,@jessgartner,AM,1
@mobtownblues,@andrewhazlett,AM,1
@mobtownblues,@eliotpearson,AM,1
@mobtownblues,@wideangleym,AM,1
@mobtownblues,@kktrumpbour,BC,1
@mobtownblues,@noordnrycherry,BC,1
@mobtownblues,@scottburkholder,BC,1
@mobtownblues,@lesterspence,BC,1
@mobtownblues,@bmoreculture,AM,2
@mobtownblues,@studiokafi,AM,1
@datkidcarpediem,@createbaltimore,BC,4
@datkidcarpediem,@createbaltimore,AM,3
@datkidcarpediem,@lrenhrda,AM,1
@datkidcarpediem,@evodiengoy,AM,3
@datkidcarpediem,@rsteggy,AM,1
@datkidcarpediem,@kbladow,AM,1
@datkidcarpediem,@lesterspence,AM,1
@datkidcarpediem,@sargesalman,AM,1
@datkidcarpediem,@jessgartner,AM,1
@datkidcarpediem,@andrewhazlett,AM,1
@datkidcarpediem,group,BC,1
@wellmadedesign,@kktrumpbour,AM,1
@wellmadedesign,@elizabetheadie,AM,1
@wellmadedesign,@createbaltimore,AM,2
@wellmadedesign,@mayorsrb,AM,1
@linesbetweenus,@mobtownblues,AM,1
@jessgartner,@rdfoxworth,AM,1
@jessgartner,@scottmessinger,AM,2
@jessgartner,group,BC,1
@jessgartner,@createbaltimore,AM,2
@jessgartner,@evodiengoy,AM,1
@sargesalman,@kbladow,RT,1
@sargesalman,@kbladow,AM,1
@sargesalman,@kktrumpbour,RT,1
@sargesalman,@kktrumpbour,AM,1
@sargesalman,@mobtownblues,AM,3
@sargesalman,@datkidcarpediem,AM,1
@sargesalman,@createbaltimore,AM,2
@sargesalman,@createbaltimore,BC,1
@sargesalman,@nikkijamesmedia,BC,3
@sargesalman,@nikkijamesmedia,AM,1
@sargesalman,@davelandymore,AM,2
@sargesalman,@suitsandsoot,AM,3
@sargesalman,@davetroy,AM,5
@sargesalman,@pandora13,BC,1
@sargesalman,@pandora13,AM,1
@sargesalman,@jessgartner,AM,2
@sargesalman,@rodneycburris,AM,1
@sargesalman,@evodiengoy,AM,2
@sargesalman,@shaq_brooks,AM,1
@sargesalman,@rsteggy,AM,1
@sargesalman,@rsteggy,BC,1
@sargesalman,@pureamazi,AM,1
@sargesalman,@zerolitter,AM,1
@sargesalman,@mobtowngeorge,AM,1
@sargesalman,@andrewhazlett,AM,1
@sargesalman,@danieldubya,AM,1
@sargesalman,@lrenhrda,BC,1
@sargesalman,group,BC,1
@tygemstones,@wellmadedesign,RT,1
@tygemstones,@createbaltimore,RT,1
@tygemstones,@createbaltimore,AM,4
@tygemstones,@mayorsrb,RT,1
@tygemstones,@andrewhazlett,AM,2
@tygemstones,@dontabrams,AM,1
@kktrumpbour,@elizabetheadie,AM,1
@kktrumpbour,group,BC,15
@kktrumpbour,@prairieskygal,AM,1
@kktrumpbour,@mobtownblues,AM,3
@kktrumpbour,@mobtownblues,BC,1
@kktrumpbour,@suitsandsoot,AM,3
@kktrumpbour,@asnyder02,AM,1
@kktrumpbour,@prattlibrary,AM,1
@kktrumpbour,@lrenhrda,BC,1
@kktrumpbour,@senbillferg,AM,1
@kktrumpbour,@venroyjuly,AM,1
@kktrumpbour,@lesterspence,AM,1
@kktrumpbour,@mezzoihnen,AM,1
@kktrumpbour,@danieldubya,AM,1
@kktrumpbour,@nikkijamesmedia,AM,2
@kbladow,@kktrumpbour,RT,1
@kbladow,@lionelbmd,BC,1
@kbladow,@lesterspence,AM,1
@kbladow,@suitsandsoot,AM,1
@kbladow,@createbaltimore,AM,1
@noordnrycherry,@maryhassound,AM,2
@noordnrycherry,@createbaltimore,AM,9
@noordnrycherry,@createbaltimore,BC,1
@noordnrycherry,@eliotpearson,AM,1
@noordnrycherry,@wideangleym,AM,1
@noordnrycherry,@studiokafi,BC,1
@noordnrycherry,@studiokafi,AM,1
@noordnrycherry,@thegoodplan,AM,1
@noordnrycherry,@tedxmidtlantic,AM,1
@noordnrycherry,@scottburkholder,AM,2
@noordnrycherry,group,BC,3
@noordnrycherry,@technicallybmr,AM,1
@noordnrycherry,@scot,AM,1
@noordnrycherry,@elizabetheadie,AM,2
@noordnrycherry,@lesterspence,AM,2
@noordnrycherry,@sargesalman,AM,1
@noordnrycherry,@andrewhazlett,AM,2
@noordnrycherry,@danieldubya,AM,1
@noordnrycherry,@betascape,AM,1
@noordnrycherry,@iamdtech,AM,1
@noordnrycherry,@jessgartner,AM,1
@noordnrycherry,@evodiengoy,AM,1
@noordnrycherry,@lrenhrda,AM,1
@noordnrycherry,@nikkijamesmedia,BC,1
@noordnrycherry,@laurenbot3k,BC,1
@noordnrycherry,@save4use,AM,1
@noordnrycherry,@wraydo,AM,1
@noordnrycherry,@sharon_paley,AM,1
@noordnrycherry,@sj843,AM,1
@pandora13,@andrewhazlett,AM,2
@pandora13,group,BC,4
@pandora13,@sargesalman,AM,1
@pandora13,@nikkijamesmedia,AM,1
@pandora13,@davetroy,AM,1
@pandora13,@createbaltimore,AM,1
@prairieskygal,@kktrumpbour,AM,1
@prairieskygal,@mobtownblues,AM,2
@prairieskygal,@suitsandsoot,AM,2
@prairieskygal,@asnyder02,AM,1
@prairieskygal,@prattlibrary,AM,1
@prairieskygal,@ericakochi,AM,1
@laurenbot3k,@davetroy,AM,1
@laurenbot3k,@baltimorebstore,AM,1
@laurenbot3k,@the6thbranch,AM,1
@laurenbot3k,@danieldubya,AM,1
@laurenbot3k,@gbtc,AM,1
@laurenbot3k,@localist,AM,1
@laurenbot3k,@realfoodfarm,AM,1
@laurenbot3k,group,BC,2
@jedweeks,@mobtownblues,BC,1
@jedweeks,@monochz,AM,1
@biotechmd,@createbaltimore,AM,1
@biotechmd,@andrewhazlett,AM,1
@copd63,@johnshopkins,RT,2
@copd63,@technicallybmr,RT,1
@rsteggy,@mobtownblues,BC,1
@rsteggy,@tedxmidtlantic,AM,1
@rsteggy,@wideangleym,AM,1
@rsteggy,@tracycgold,AM,1
@rsteggy,@nikkijamesmedia,MT,1
@rsteggy,@suitsandsoot,MT,1
@rsteggy,@suitsandsoot,RT,1
@rsteggy,@jessgartner,MT,1
@rsteggy,group,BC,5
@rsteggy,@monochz,AM,1
@rsteggy,@createbaltimore,AM,3
@rsteggy,@davidmtaylor,BC,1
@rsteggy,@kktrumpbour,RT,1
@rsteggy,@lesterspence,RT,1
@rsteggy,@sargesalman,AM,1
@rsteggy,@lrenhrda,AM,1
@rsteggy,@pandora13,RT,1
@rsteggy,@anequitymatter,RT,1
@rsteggy,@anequitymatter,MT,1
@rsteggy,@amakaokoronkwo,AM,1
@rsteggy,@changengine,AM,1
@swampyyyyy,@sargesalman,AM,1
@swampyyyyy,@nikkijamesmedia,AM,1
@swampyyyyy,group,BC,1
@swampyyyyy,@ccgourmet,AM,1
@davelandymore,group,BC,1
@davelandymore,@andrewhazlett,AM,1
@davelandymore,@rsteggy,AM,1
@davelandymore,@davidmtaylor,AM,1
@davelandymore,@sargesalman,AM,1
@davelandymore,@zerolitter,AM,2
@davelandymore,@mobtowngeorge,AM,1
@whatweekly,@createbaltimore,AM,2
@whatweekly,@givecorps,AM,1
@whatweekly,@genero_city,AM,1
@whatweekly,@nikkijamesmedia,AM,1
@whatweekly,@changengine,AM,1
@createbaltimore,group,BC,24
@createbaltimore,group,AM,1
@createbaltimore,@tracycgold,AM,2
@createbaltimore,@rsteggy,AM,3
@createbaltimore,@lrenhrda,AM,2
@createbaltimore,@jonathanjulian,AM,1
@createbaltimore,@jeedgan,AM,1
@createbaltimore,@dontabrams,AM,1
@createbaltimore,@lanakole,RT,1
@createbaltimore,@nikkijamesmedia,AM,1
@createbaltimore,@changengine,AM,2
@createbaltimore,@whatweekly,AM,1
@createbaltimore,@tygemstones,RT,1
@createbaltimore,@andrewhazlett,AM,5
@createbaltimore,@laurenbot3k,AM,1
@createbaltimore,@noordnrycherry,AM,1
@createbaltimore,@helenglazer,AM,1
@createbaltimore,@davetroy,AM,3
@createbaltimore,@flygirlblog,AM,1
@createbaltimore,@save4use,AM,3
@createbaltimore,@wraydo,AM,3
@createbaltimore,@thegoodplan,AM,1
@createbaltimore,@sj843,AM,1
@createbaltimore,@zigersnead,AM,2
@createbaltimore,@uber_baltimore,AM,1
@createbaltimore,@eventrebels,AM,2
@createbaltimore,@nadenlean,AM,2
@createbaltimore,@chesapeakesun,AM,1
@createbaltimore,@gbtc,AM,2
@createbaltimore,@sealliance,AM,2
@createbaltimore,@smartlogic,AM,2
@createbaltimore,@yflicker,AM,1
@createbaltimore,@mayorsrb,AM,1
@createbaltimore,@hardebeck,AM,1
@createbaltimore,@wellmadedesign,AM,2
@createbaltimore,@elizabetheadie,AM,1
@createbaltimore,@humanim,AM,2
@createbaltimore,@cindyptruitt,AM,1
@createbaltimore,@410labs,AM,2
@createbaltimore,@figure53,AM,2
@createbaltimore,@chris_ashworth,AM,1
@createbaltimore,@ayerssaintgross,AM,2
@createbaltimore,@towsonu,AM,1
@createbaltimore,@mp3car,AM,1
@merriamiam,@monochz,AM,1
@merriamiam,@andrewhazlett,RT,1
@beatwellbmore,group,BC,3
@bmoresara,@mobtownblues,AM,1
@bmoresara,@noordnrycherry,AM,1
@mikemakes,@cariperi,AM,1
@mikemakes,@sj843,AM,1
@mikemakes,@reinventtransit,AM,1
@mikemakes,group,BC,1
@cariperi,group,BC,6
@cariperi,@sj843,AM,1
@cariperi,@reinventtransit,AM,2
@cariperi,@mikemakes,AM,2
@cariperi,@tracycgold,AM,1
@cariperi,@noordnrycherry,AM,1
@cariperi,@sargesalman,AM,1
@cariperi,@pandora13,AM,1
@cariperi,@davetroy,AM,1
@creativereality,@tracycgold,AM,1
@creativereality,@flygirlblog,RT,1
@creativereality,@rodneycburris,RT,1
@creativereality,@lanakole,RT,1
@creativereality,@averyclassyguy,RT,1
@creativereality,@atechsnob,RT,1
@creativereality,@venroyjuly,RT,1
@creativereality,@creati,RT,1
@tracycgold,group,BC,5
@tracycgold,@createbaltimore,AM,1
@edmullinsr,group,BC,3
@edmullinsr,@tracycgold,AM,1
@edmullinsr,@createbaltimore,AM,1
@edmullinsr,@andrewhazlett,AM,1
@kristinagill,@flygirlblog,RT,1
@kristinagill,@rodneycburris,RT,1
@kristinagill,@lanakole,RT,1
@kristinagill,@averyclassyguy,RT,1
@kristinagill,@atechsnob,RT,1
@kristinagill,@venroyjuly,RT,1
@kristinagill,@creati,RT,1
@dskinsel,@noordnrycherry,AM,1
@dskinsel,@scottburkholder,AM,1
@grababroom,@createbaltimore,RT,2
@humanim,@createbaltimore,RT,2
@humanim,@createbaltimore,AM,3
@humanim,group,BC,1
@humanim,@cindyptruitt,AM,1
@baltperfkitchen,group,BC,1
@eclubproject,@createbaltimore,AM,3
@eclubproject,@scottburkholder,AM,2
@eclubproject,@uber_baltimore,AM,2
@eclubproject,@johnshopkins,AM,1
@danieldubya,@lrenhrda,AM,1
@danieldubya,@lrenhrda,RT,1
@danieldubya,@createbaltimore,RT,1
@danieldubya,group,BC,2
@createdbysteph,group,BC,1
@createdbysteph,@jessgartner,AM,1
@createdbysteph,@evodiengoy,AM,1
@johnshopkins,@technicallybmr,AM,1
@zigersnead,@davetroy,AM,1
@zigersnead,@createbaltimore,AM,2
@zigersnead,group,BC,1
@hocoblogs,@ccgourmet,AM,1
@hocoblogs,group,BC,1
@zerolitter,@davelandymore,AM,1
@mobtowngeorge,@davelandymore,AM,1
@mobtowngeorge,@zerolitter,AM,1
@ajzaleski,@nextcityorg,BC,1
@ajzaleski,@davetroy,AM,1
@ajzaleski,@dennisthecynic,BC,1
@ajzaleski,group,BC,1
@hoot1388,@baltimorebstore,AM,1
@dirdim,@hardebeck,BC,1
@dirdim,group,BC,1
@itsjaejin,@cariperi,AM,1
@itsjaejin,@kktrumpbour,AM,1
@itsjaejin,@sargesalman,AM,1
@itsjaejin,@pandora13,AM,1
@itsjaejin,@davetroy,AM,1
@baltimorebnote,group,BC,1
@ssnsailor,@createbaltimore,AM,1
@ssnsailor,@andrewhazlett,AM,1
@lanakole,@createbaltimore,AM,1
@lanakole,group,BC,2
@wraydo,@davidmtaylor,AM,1
@wraydo,@dennisthecynic,AM,1
@mairzdoatz,@kktrumpbour,AM,1
@mairzdoatz,@danieldubya,AM,1
@mairzdoatz,@andrewhazlett,AM,1
@mairzdoatz,@createbaltimore,AM,5
@mairzdoatz,@createbaltimore,RT,1
@mairzdoatz,@scottburkholder,AM,1
@mairzdoatz,@dennisthecynic,AM,2
@mairzdoatz,@trueheart4life,RT,1
@mairzdoatz,@mayorsrb,RT,1
@bmoreslumwatch,@andrewhazlett,AM,1
@bmoreslumwatch,@wraydo,AM,1
@amakaokoronkwo,@jessgartner,AM,1
@amakaokoronkwo,@createbaltimore,AM,1
@amakaokoronkwo,group,BC,2
@danewald,group,BC,2
@danewald,@laurenbot3k,BC,1
@danewald,@createbaltimore,AM,1
@iamdtech,@jessgartner,AM,1
@iamdtech,@createbaltimore,AM,1
@susan_waym,@andrewhazlett,AM,1
@save4use,group,BC,4
@save4use,@createbaltimore,AM,1
@save4use,@createbaltimore,BC,1
@save4use,@wraydo,AM,1
@bjornmeansbear,group,BC,1
@abachman,group,BC,2
@ennoventsebot,group,BC,1
@kirstenallyssa,@createbaltimore,AM,2
@kirstenallyssa,@andrewhazlett,AM,1
@johnhodgins,@createbaltimore,AM,1
@somepoems,group,BC,1
@missjanine13,@createbaltimore,AM,1
@dontabrams,@createbaltimore,AM,1
@dontabrams,@createbaltimore,BC,1
@rayners,@ajzaleski,AM,1
@rayners,@davetroy,AM,1
@amanda9985,group,BC,1
@anequitymatter,@flygirlblog,AM,1
@anequitymatter,@rsteggy,AM,1
@anequitymatter,@suitsandsoot,AM,2
@anequitymatter,@andrewhazlett,AM,1
@anequitymatter,@andrewhazlett,RT,1
@anequitymatter,@createbaltimore,AM,1
@anequitymatter,@createbaltimore,RT,1
@anequitymatter,group,BC,1
@johnny_pas,group,BC,1
@warnockfound,@suitsandsoot,AM,1
@jamidodson,group,BC,1
@smartlogic,@createbaltimore,AM,3
@smartlogic,@yflicker,AM,1
@smartlogic,@stephbaltimore,AM,1
@trohv,@elizabetheadie,RT,1
@trohv,@_mariamendoza,RT,1
@tfabaltimore,@dennisthecynic,AM,1
@tfabaltimore,@createbaltimore,AM,1
@wideangleym,@dennisthecynic,AM,1
@wideangleym,@createbaltimore,AM,1
@wideangleym,group,BC,1
@baltimorebrew,@dennisthecynic,AM,1
@baltimorebrew,@createbaltimore,AM,1
@_mariamendoza,group,AM,1
@gbtc,@createbaltimore,RT,1
@gbtc,@createbaltimore,AM,1
@gbtc,@hardebeck,RT,1
@gbtc,@smartlogic,AM,1
@trueheart4life,@createbaltimore,AM,1
@trueheart4life,@mayorsrb,AM,1
@hagsjhu,@smartlogic,RT,2
@hagsjhu,@createbaltimore,RT,1
@mp3car,@createbaltimore,AM,1
@mp3car,@wraydo,AM,2
@stephbaltimore,@smartlogic,BC,1
@stephbaltimore,@smartlogic,RT,2
@stephbaltimore,@createbaltimore,RT,1
@techgirltweets,@createbaltimore,AM,1
@techgirltweets,@towsonu,AM,1
@cindyptruitt,@createbaltimore,AM,1
